<?xml version="1.0" encoding="UTF-8"?>
<con:soapui-workspace name="EmployeeService_PrebuiltWorkspace" soapui-version="5.0.0" xmlns:con="http://eviware.com/soapui/config">
  <con:settings/>
  <con:project name="EmployeeService">C:/student10/Integration_service/SOAPUI Projects/EmployeeService-soapui-project.xml</con:project>
  <con:project name="EmployeeService_WebServiceClient">C:/student10/Integration_service/SOAPUI Projects/EmployeeService-WSClient-soapui-project.xml</con:project>
  <con:project name="EmployeeService_JSONClient - Async">C:/student10/Integration_service/SOAPUI Projects/JSON-App---Async-soapui-project.xml</con:project>
  <con:project name="EmployeeService_JSONClient - Sync">C:/student10/Integration_service/SOAPUI Projects/JSON-App---Sync-soapui-project.xml</con:project>
  <con:project name="EmployeeService_checkBonus">C:/student10/BusinessRules/SOAPUI Projects/EmployeeService-checkBonus-soapui-project.xml</con:project>
  <con:project name="EmployeeService_JSONClient - Check Bonus">C:/student10/BusinessRules/SOAPUI Projects/EmployeeService-JSONClient---Check-Bonus-soapui-project.xml</con:project>
  <con:project name="EmployeeService - MessageFlowSecurity, BasicAuth">C:/student10/Integration_service_MessageFlowSecurity/soapui projects/EmployeeService- MessageFlowSecurity--BasicAuth-soapui-project.xml</con:project>
  <con:project name="EmployeeService - MessageFlowSecurity, SSL, X.509">C:/student10/Integration_service_MessageFlowSecurity/soapui projects/EmployeeService---MessageFlowSecurity--SSL--X-509-soapui-project.xml</con:project>
  <con:project status="CLOSED" name="EmployeeService_predictSalary">Z:/Z/MB/V10Next/LABS/MattB - R/EmployeeService-predictSalary-soapui-project.xml</con:project>
</con:soapui-workspace>