<?xml version="1.0" encoding="UTF-8" standalone="yes"?><policy type="MQEndpoint">    <policyProperties>        <mqConnectionDetailsPolicy>            <connection>CLIENT</connection>            <destinationQueueManagerName>QM4SSL</destinationQueueManagerName>            <queueManagerHostname>betaworks-esb10</queueManagerHostname>            <listenerPortNumber>1444</listenerPortNumber>            <channelName>TOQM4SSL</channelName>            <useSSL>false</useSSL>        </mqConnectionDetailsPolicy>    </policyProperties></policy>
