<?xml version="1.0" encoding="UTF-8"?><Interchange xmlns="http://www.ibm.com/dfdl/edi/un/edifact/SupplyChain/D03B" xmlns:xs="http://www.w3.org/2001/XMLSchema" xmlns:xsi="http://www.w3.org/2001/XMLSchema-instance">
   <UNA xmlns="">
      <CompositeSeparator xsi:type="xs:string">:</CompositeSeparator>
      <FieldSeparator xsi:type="xs:string">+</FieldSeparator>
      <DecimalSeparator xsi:type="xs:string">.</DecimalSeparator>
      <EscapeCharacter xsi:type="xs:string">?</EscapeCharacter>
      <RepeatSeparator xsi:type="xs:string">*</RepeatSeparator>
      <SegmentTerminator xsi:type="xs:string">'</SegmentTerminator>
   </UNA>
   <UNB xmlns="">
      <S001>
         <E0001 xsi:type="xs:string">UNOC</E0001>
         <E0002 xsi:type="xs:string">4</E0002>
      </S001>
      <S002>
         <E0004 xsi:type="xs:string">5790000274017</E0004>
         <E0007 xsi:type="xs:string">14</E0007>
      </S002>
      <S003>
         <E0010 xsi:type="xs:string">5708601000836</E0010>
         <E0007 xsi:type="xs:string">14</E0007>
      </S003>
      <S004>
         <E0017 xsi:type="xs:decimal">990420</E0017>
         <E0019 xsi:type="xs:decimal">1137</E0019>
      </S004>
      <E0020 xsi:type="xs:string">17</E0020>
      <E0026 xsi:type="xs:string">INVOIC</E0026>
      <E0035 xsi:type="xs:decimal">1</E0035>
   </UNB>
   <Message>
      <UNH xmlns="">
         <E0062 xsi:type="xs:string">30</E0062>
         <S009>
            <E0065 xsi:type="xs:string">INVOIC</E0065>
            <E0052 xsi:type="xs:string">D</E0052>
            <E0054 xsi:type="xs:string">03B</E0054>
            <E0051 xsi:type="xs:string">UN</E0051>
         </S009>
      </UNH>
      <INVOIC>
         <BGM xmlns="">
            <C002>
               <E1001 xsi:type="xs:string">380</E1001>
            </C002>
            <C106>
               <E1004 xsi:type="xs:string">539602</E1004>
            </C106>
         </BGM>
         <DTM xmlns="">
            <C507>
               <E2005 xsi:type="xs:string">137</E2005>
               <E2380 xsi:type="xs:string">19990420</E2380>
               <E2379 xsi:type="xs:string">102</E2379>
            </C507>
         </DTM>
         <SegGrp-1 xmlns="">
            <RFF>
               <C506>
                  <E1153 xsi:type="xs:string">CO</E1153>
                  <E1154 xsi:type="xs:string">01671727</E1154>
               </C506>
            </RFF>
         </SegGrp-1>
         <SegGrp-2 xmlns="">
            <NAD>
               <E3035 xsi:type="xs:string">BY</E3035>
               <C082>
                  <E3039 xsi:type="xs:string">5708601000836</E3039>
                  <E3055 xsi:type="xs:string">9</E3055>
               </C082>
            </NAD>
            <SegGrp-3>
               <RFF>
                  <C506>
                     <E1153 xsi:type="xs:string">VA</E1153>
                     <E1154 xsi:type="xs:string">UK37499919</E1154>
                  </C506>
               </RFF>
            </SegGrp-3>
         </SegGrp-2>
         <SegGrp-2 xmlns="">
            <NAD>
               <E3035 xsi:type="xs:string">SU</E3035>
               <C058>
                  <E3124 xsi:type="xs:string">IBM UK</E3124>
               </C058>
            </NAD>
            <SegGrp-3>
               <RFF>
                  <C506>
                     <E1153 xsi:type="xs:string">VA</E1153>
                     <E1154 xsi:type="xs:string">UK19430839</E1154>
                  </C506>
               </RFF>
            </SegGrp-3>
            <SegGrp-3>
               <RFF>
                  <C506>
                     <E1153 xsi:type="xs:string">ADE</E1153>
                     <E1154 xsi:type="xs:string">00000767</E1154>
                  </C506>
               </RFF>
            </SegGrp-3>
         </SegGrp-2>
         <SegGrp-2 xmlns="">
            <NAD>
               <E3035 xsi:type="xs:string">DP</E3035>
               <C080>
                  <E3036 xsi:type="xs:string">MyCompany</E3036>
               </C080>
               <C059>
                  <E3042 xsi:type="xs:string">MyStreet</E3042>
               </C059>
               <E3164 xsi:type="xs:string">MyTown</E3164>
               <E3251 xsi:type="xs:string">1234</E3251>
               <E3207 xsi:type="xs:string">UK</E3207>
            </NAD>
         </SegGrp-2>
         <SegGrp-7 xmlns="">
            <CUX>
               <C504>
                  <E6347 xsi:type="xs:string">2</E6347>
                  <E6345 xsi:type="xs:string">GBP</E6345>
                  <E6343 xsi:type="xs:string">9</E6343>
               </C504>
            </CUX>
         </SegGrp-7>
         <SegGrp-26 xmlns="">
            <LIN>
               <E1082 xsi:type="xs:string">1</E1082>
               <C212>
                  <E7140 xsi:type="xs:string">V0370246</E7140>
                  <E7143 xsi:type="xs:string">IN</E7143>
               </C212>
            </LIN>
            <IMD>
               <E7077 xsi:type="xs:string">F</E7077>
               <C273>
                  <E7008 xsi:type="xs:string">Collectors edition of The Hobbit with Tolkien's original colours on sleeve</E7008>
               </C273>
            </IMD>
            <QTY>
               <C186>
                  <E6063 xsi:type="xs:string">47</E6063>
                  <E6060 xsi:type="xs:string">5</E6060>
                  <E6411 xsi:type="xs:string">PCE</E6411>
               </C186>
            </QTY>
            <SegGrp-27>
               <MOA>
                  <C516>
                     <E5025 xsi:type="xs:string">66</E5025>
                     <E5004 xsi:type="xs:decimal">49.15</E5004>
                     <E6345 xsi:type="xs:string">GBP</E6345>
                  </C516>
               </MOA>
            </SegGrp-27>
            <SegGrp-29>
               <PRI>
                  <C509>
                     <E5125 xsi:type="xs:string">AAA</E5125>
                     <E5118 xsi:type="xs:decimal">9.83</E5118>
                     <E5375 xsi:type="xs:string">CT</E5375>
                     <E5284 xsi:type="xs:decimal">1</E5284>
                     <E6411 xsi:type="xs:string">PCE</E6411>
                  </C509>
               </PRI>
            </SegGrp-29>
            <SegGrp-30>
               <RFF>
                  <C506>
                     <E1153 xsi:type="xs:string">CO</E1153>
                     <E1154 xsi:type="xs:string">01671727</E1154>
                     <E1156 xsi:type="xs:string">1</E1156>
                  </C506>
               </RFF>
            </SegGrp-30>
            <SegGrp-39>
               <ALC>
                  <E5463 xsi:type="xs:string">C</E5463>
               </ALC>
               <SegGrp-42>
                  <MOA>
                     <C516>
                        <E5025 xsi:type="xs:string">23</E5025>
                        <E5004 xsi:type="xs:decimal">13.6</E5004>
                        <E6345 xsi:type="xs:string">GBP</E6345>
                     </C516>
                  </MOA>
               </SegGrp-42>
            </SegGrp-39>
         </SegGrp-26>
         <SegGrp-26 xmlns="">
            <LIN>
               <E1082 xsi:type="xs:string">2</E1082>
               <C212>
                  <E7143 xsi:type="xs:string">IN</E7143>
               </C212>
            </LIN>
            <IMD>
               <E7077 xsi:type="xs:string">F</E7077>
               <C273>
                  <E7008 xsi:type="xs:string">Packaging</E7008>
               </C273>
            </IMD>
            <QTY>
               <C186>
                  <E6063 xsi:type="xs:string">47</E6063>
                  <E6060 xsi:type="xs:string">2</E6060>
                  <E6411 xsi:type="xs:string">PCE</E6411>
               </C186>
            </QTY>
            <SegGrp-27>
               <MOA>
                  <C516>
                     <E5025 xsi:type="xs:string">106</E5025>
                     <E5004 xsi:type="xs:decimal">50</E5004>
                     <E6345 xsi:type="xs:string">GBP</E6345>
                  </C516>
               </MOA>
            </SegGrp-27>
            <SegGrp-29>
               <PRI>
                  <C509>
                     <E5125 xsi:type="xs:string">AAA</E5125>
                     <E5118 xsi:type="xs:decimal">25</E5118>
                     <E5375 xsi:type="xs:string">CT</E5375>
                     <E5284 xsi:type="xs:decimal">1</E5284>
                     <E6411 xsi:type="xs:string">PCE</E6411>
                  </C509>
               </PRI>
            </SegGrp-29>
            <SegGrp-31>
               <PAC>
                  <C202>
                     <E7064 xsi:type="xs:string">Box</E7064>
                  </C202>
               </PAC>
            </SegGrp-31>
         </SegGrp-26>
         <UNS xmlns="">
            <E0081 xsi:type="xs:string">S</E0081>
         </UNS>
         <SegGrp-50 xmlns="">
            <MOA>
               <C516>
                  <E5025 xsi:type="xs:string">64</E5025>
                  <E5004 xsi:type="xs:decimal">100.95</E5004>
                  <E6345 xsi:type="xs:string">GBP</E6345>
               </C516>
            </MOA>
         </SegGrp-50>
         <SegGrp-50 xmlns="">
            <MOA>
               <C516>
                  <E5025 xsi:type="xs:string">67</E5025>
                  <E5004 xsi:type="xs:decimal">50.5</E5004>
                  <E6345 xsi:type="xs:string">GBP</E6345>
               </C516>
            </MOA>
         </SegGrp-50>
         <SegGrp-50 xmlns="">
            <MOA>
               <C516>
                  <E5025 xsi:type="xs:string">86</E5025>
                  <E5004 xsi:type="xs:decimal">362</E5004>
                  <E6345 xsi:type="xs:string">GBP</E6345>
               </C516>
            </MOA>
         </SegGrp-50>
         <SegGrp-50 xmlns="">
            <MOA>
               <C516>
                  <E5025 xsi:type="xs:string">136</E5025>
                  <E5004 xsi:type="xs:decimal">0.19</E5004>
                  <E6345 xsi:type="xs:string">GBP</E6345>
               </C516>
            </MOA>
         </SegGrp-50>
         <SegGrp-50 xmlns="">
            <MOA>
               <C516>
                  <E5025 xsi:type="xs:string">286</E5025>
                  <E5004 xsi:type="xs:decimal">25.25</E5004>
                  <E6345 xsi:type="xs:string">GBP</E6345>
               </C516>
            </MOA>
         </SegGrp-50>
         <SegGrp-52 xmlns="">
            <TAX>
               <E5283 xsi:type="xs:string">7</E5283>
               <C241>
                  <E5153 xsi:type="xs:string">VAT</E5153>
               </C241>
            </TAX>
            <MOA>
               <C516>
                  <E5025 xsi:type="xs:string">124</E5025>
                  <E5004 xsi:type="xs:decimal">72.36</E5004>
                  <E6345 xsi:type="xs:string">GBP</E6345>
               </C516>
            </MOA>
         </SegGrp-52>
         <SegGrp-52 xmlns="">
            <TAX>
               <E5283 xsi:type="xs:string">7</E5283>
               <C241>
                  <E5153 xsi:type="xs:string">VAT</E5153>
               </C241>
            </TAX>
            <MOA>
               <C516>
                  <E5025 xsi:type="xs:string">124</E5025>
                  <E5004 xsi:type="xs:decimal">539.82</E5004>
                  <E6345 xsi:type="xs:string">UK</E6345>
                  <E4405 xsi:type="xs:string">9</E4405>
               </C516>
            </MOA>
         </SegGrp-52>
      </INVOIC>
      <UNT xmlns="">
         <E0074 xsi:type="xs:decimal">36</E0074>
         <E0062 xsi:type="xs:string">30</E0062>
      </UNT>
   </Message>
   <UNZ xmlns="">
      <E0036 xsi:type="xs:decimal">1</E0036>
      <E0020 xsi:type="xs:string">17</E0020>
   </UNZ>
</Interchange>
