<?xml version="1.0" encoding="UTF-8"?>
<con:soapui-project name="TradeServ" resourceRoot="" soapui-version="4.0.0" abortOnError="false" runType="SEQUENTIAL" xmlns:con="http://eviware.com/soapui/config"><con:settings/><con:interface xsi:type="con:WsdlInterface" wsaVersion="NONE" name="TradeServHttpBinding" type="wsdl" bindingName="{http://TradeServ}TradeServHttpBinding" soapVersion="1_1" anonymous="optional" definition="file:/C:/student/Trades/resources/TradeServ.wsdl" xmlns:xsi="http://www.w3.org/2001/XMLSchema-instance"><con:settings/><con:definitionCache type="TEXT" rootPart="file:/C:/student/Trades/resources/TradeServ.wsdl"><con:part><con:url>file:/C:/student/Trades/resources/TradeServ.wsdl</con:url><con:content><![CDATA[<wsdl:definitions name="TradeServ" targetNamespace="http://TradeServ" xmlns:wsdl="http://schemas.xmlsoap.org/wsdl/" xmlns:bons1="http://www.BPMDemo.com/Employee" xmlns:soap="http://schemas.xmlsoap.org/wsdl/soap/" xmlns:soapenc="http://schemas.xmlsoap.org/soap/encoding/" xmlns:tns="http://TradeServ" xmlns:xsd="http://www.w3.org/2001/XMLSchema">
  <wsdl:documentation>
    <wsdl:appinfo source="WMQI_APPINFO">
      <MRWSDLAppInfo imported="true">
        <generatedXSD location="TradeServ_InlineSchema1.xsd"/>
        <binding hasEncoding="false" imported="true" name="TradeServHttpBinding" originalBindingStyle="document"/>
      </MRWSDLAppInfo>
    </wsdl:appinfo>
  </wsdl:documentation>
  <wsdl:types>
    <xsd:schema targetNamespace="http://TradeServ">
      <xsd:import namespace="http://www.BPMDemo.com/Employee" schemaLocation="TradeServ-0.xsd"/>
      <xsd:include schemaLocation="TradeServ-1.xsd"/>
    </xsd:schema>
  </wsdl:types>
  <wsdl:message name="operation1RequestMsg">
    <wsdl:part element="tns:operation1" name="operation1Parameters"/>
  </wsdl:message>
  <wsdl:message name="operation1ResponseMsg">
    <wsdl:part element="tns:operation1Response" name="operation1Result"/>
  </wsdl:message>
  <wsdl:portType name="TradeServ">
    <wsdl:operation name="operation1">
      <wsdl:input message="tns:operation1RequestMsg" name="operation1Request"/>
      <wsdl:output message="tns:operation1ResponseMsg" name="operation1Response"/>
    </wsdl:operation>
  </wsdl:portType>
  <wsdl:binding name="TradeServHttpBinding" type="tns:TradeServ">
    <soap:binding style="document" transport="http://schemas.xmlsoap.org/soap/http"/>
    <wsdl:operation name="operation1">
      <soap:operation soapAction=""/>
      <wsdl:input name="operation1Request">
        <soap:body use="literal"/>
      </wsdl:input>
      <wsdl:output name="operation1Response">
        <soap:body use="literal"/>
      </wsdl:output>
    </wsdl:operation>
  </wsdl:binding>
  <wsdl:service name="TradeServHttpService">
    <wsdl:port binding="tns:TradeServHttpBinding" name="TradeServHttpPort">
      <soap:address location="http://192.168.126.128:7800/TradeServ/TradeServ"/>
    </wsdl:port>
  </wsdl:service>
</wsdl:definitions>]]></con:content><con:type>http://schemas.xmlsoap.org/wsdl/</con:type></con:part><con:part><con:url>file:\C:\student\Trades\resources\TradeServ-0.xsd</con:url><con:content><![CDATA[<xsd:schema targetNamespace="http://www.BPMDemo.com/Employee" xmlns:xsd="http://www.w3.org/2001/XMLSchema" xmlns:tns="http://www.BPMDemo.com/Employee">
  <xsd:complexType name="tradeType">
    <xsd:sequence>
      <xsd:element name="tradeOrderID" type="xsd:string"/>
      <xsd:element name="customerID" type="xsd:string"/>
      <xsd:element name="tradeStock" type="xsd:string"/>
      <xsd:element name="tradeAmount" type="xsd:string"/>
    </xsd:sequence>
  </xsd:complexType>
  <xsd:element name="tradeOrder" type="tns:tradeType"/>
</xsd:schema>]]></con:content><con:type>http://www.w3.org/2001/XMLSchema</con:type></con:part><con:part><con:url>file:\C:\student\Trades\resources\TradeServ-1.xsd</con:url><con:content><![CDATA[<xsd:schema targetNamespace="http://TradeServ" xmlns:xsd="http://www.w3.org/2001/XMLSchema" xmlns:Q1="http://www.BPMDemo.com/Employee" xmlns:tns="http://TradeServ">
  <xsd:import namespace="http://www.BPMDemo.com/Employee" schemaLocation="TradeServ-0.xsd"/>
  <xsd:element ibmSchExtn:docRoot="true" name="operation1" xmlns:ibmSchExtn="http://www.ibm.com/schema/extensions">
    <xsd:complexType>
      <xsd:sequence>
        <xsd:element name="input1" nillable="true" type="Q1:tradeType"/>
      </xsd:sequence>
    </xsd:complexType>
  </xsd:element>
  <xsd:element ibmSchExtn:docRoot="true" name="operation1Response" xmlns:ibmSchExtn="http://www.ibm.com/schema/extensions">
    <xsd:complexType>
      <xsd:sequence>
        <xsd:element name="output1" nillable="true" type="Q1:tradeType"/>
      </xsd:sequence>
    </xsd:complexType>
  </xsd:element>
</xsd:schema>]]></con:content><con:type>http://www.w3.org/2001/XMLSchema</con:type></con:part></con:definitionCache><con:endpoints><con:endpoint>http://192.168.126.128:7800/TradesService/TradesService</con:endpoint></con:endpoints><con:operation isOneWay="false" action="" name="operation1" bindingOperationName="operation1" type="Request-Response" outputName="operation1Response" inputName="operation1Request" receivesAttachments="false" sendsAttachments="false" anonymous="optional"><con:settings/><con:call name="Request 1"><con:settings><con:setting id="com.eviware.soapui.impl.wsdl.WsdlRequest@request-headers">&lt;xml-fragment/></con:setting></con:settings><con:encoding>UTF-8</con:encoding><con:endpoint>http://192.168.126.128:7800/TradesService/TradesService</con:endpoint><con:request><![CDATA[<soapenv:Envelope xmlns:soapenv="http://schemas.xmlsoap.org/soap/envelope/" xmlns:trad="http://TradeServ">
   <soapenv:Header/>
   <soapenv:Body>
      <trad:operation1>
         <input1>
            <tradeOrderID>GYP873458</tradeOrderID>
            <customerID>CG829330</customerID>
            <tradeStock>ORCL</tradeStock>
            <tradeAmount>18</tradeAmount>
         </input1>
      </trad:operation1>
   </soapenv:Body>
</soapenv:Envelope>]]></con:request><con:jmsConfig JMSDeliveryMode="PERSISTENT"/><con:jmsPropertyConfig/><con:wsaConfig mustUnderstand="NONE" version="200508" action="http://TradeServ/TradeServ/operation1Request"/><con:wsrmConfig version="1.2"/></con:call></con:operation></con:interface><con:properties/><con:wssContainer/></con:soapui-project>