<?xml version="1.0" encoding="UTF-8" standalone="yes"?><policy type="MQEndpoint">    <policyProperties>        <mqConnectionDetailsPolicy>            <connection>CLIENT</connection>            <destinationQueueManagerName>QM4SSL</destinationQueueManagerName>            <queueManagerHostname>192.168.59.191</queueManagerHostname>            <listenerPortNumber>1444</listenerPortNumber>            <channelName>TOQM4SSL</channelName>            <useSSL>true</useSSL>            <SSLCipherSpec>TRIPLE_DES_SHA_US</SSLCipherSpec>        </mqConnectionDetailsPolicy>    </policyProperties></policy>
