<?xml version="1.0" encoding="UTF-8"?>
<sampleiibadmin:EMPLOYEE xmlns:sampleiibadmin="http://sample/iibadmin" xmlns:xsi="http://www.w3.org/2001/XMLSchema-instance" xsi:schemaLocation="http://sample/iibadmin SAMPLE_EMPLOYEE.xsd ">
  <EMPNO>000010</EMPNO>
  <FIRSTNME>FIRSTNME</FIRSTNME>
  <MIDINIT>MIDINIT</MIDINIT>
  <LASTNAME>LASTNAME</LASTNAME>
  <WORKDEPT>WORKDEPT</WORKDEPT>
  <PHONENO>PHONENO</PHONENO>
  <HIREDATE>2001-01-01</HIREDATE>
  <JOB>JOB</JOB>
  <EDLEVEL>0</EDLEVEL>
  <SEX>SEX</SEX>
  <BIRTHDATE>2001-01-01</BIRTHDATE>
  <SALARY>0.0</SALARY>
  <BONUS>0.0</BONUS>
  <COMM>0.0</COMM>
</sampleiibadmin:EMPLOYEE>
