<?xml version="1.0" encoding="utf-8"?>
<tns:In_Request xmlns:tns="http://www.ibm.lab.com" xmlns:xsd="http://www.w3.org/2001/XMLSchema" xmlns:xsi="http://www.w3.org/2001/XMLSchema-instance">
  <ActionRequest>O</ActionRequest>
  <DateRequest>10/12/2005</DateRequest>
  <customerNumber>1</customerNumber>
  <customerName>ACME Hardware</customerName>
  <customerDetails>
    <customerAddress1>1254 Main St</customerAddress1>
    <customerAddress2>Suite 12</customerAddress2>
    <customerCity>Dime Box</customerCity>
    <customerState>TX</customerState>
    <customerCountry>USA</customerCountry>
    <customerPostalCode>76543</customerPostalCode>
    <customerCreditLimit>1200</customerCreditLimit>
    <customerCreditScore>123</customerCreditScore>
  </customerDetails>
  <contactDetails>
    <contactFirstName>Freddy</contactFirstName>
    <contactLastName>Bloggs</contactLastName>
    <contactPhoneNumber>555-123-6543</contactPhoneNumber>
  </contactDetails>
  <requestDecision>Y</requestDecision>
  <comments>Just a Comment</comments>
</tns:In_Request>