<?xml version="1.0" encoding="UTF-8"?>
<con:soapui-project activeEnvironment="Default" name="EmployeeService_WebServiceClient" resourceRoot="" soapui-version="5.0.0" abortOnError="false" runType="SEQUENTIAL" xmlns:con="http://eviware.com/soapui/config"><con:settings/><con:interface xsi:type="con:WsdlInterface" wsaVersion="NONE" name="EmpServClientHttpBinding" type="wsdl" bindingName="{http://EmpServClient}EmpServClientHttpBinding" soapVersion="1_1" anonymous="optional" definition="file:/C:/WTU/EmployeeServiceMessages/EmpServClient.wsdl" xmlns:xsi="http://www.w3.org/2001/XMLSchema-instance"><con:settings/><con:definitionCache type="TEXT" rootPart="file:\C:\WTU\EmployeeServiceMessages\EmpServClient.wsdl"><con:part><con:url>file:\C:\WTU\EmployeeServiceMessages\EmpServClient.wsdl</con:url><con:content><![CDATA[<wsdl:definitions name="EmpServClient" targetNamespace="http://EmpServClient" xmlns:wsdl="http://schemas.xmlsoap.org/wsdl/" xmlns:bons1="http://sample/iibadmin" xmlns:soap="http://schemas.xmlsoap.org/wsdl/soap/" xmlns:soapenc="http://schemas.xmlsoap.org/soap/encoding/" xmlns:tns="http://EmpServClient" xmlns:xsd="http://www.w3.org/2001/XMLSchema">
  <wsdl:documentation>
    <wsdl:appinfo source="WMQI_APPINFO">
      <MRWSDLAppInfo imported="true">
        <binding hasEncoding="false" imported="true" name="EmpServClientHttpBinding" originalBindingStyle="document"/>
        <generatedXSD location="EmpServClient_InlineSchema1.xsd"/>
      </MRWSDLAppInfo>
    </wsdl:appinfo>
  </wsdl:documentation>
  <wsdl:types>
    <xsd:schema targetNamespace="http://EmpServClient" xmlns:ibmSchExtn="http://www.ibm.com/schema/extensions">
      <xsd:import namespace="http://sample/iibadmin" schemaLocation="sample/iibadmin/SAMPLE_EMPLOYEE.xsd"/>
      <xsd:include schemaLocation="EmpServClient_InlineSchema1.xsd"/>
    </xsd:schema>
  </wsdl:types>
  <wsdl:message name="readEmpRequestMsg">
    <wsdl:part element="tns:readEmp" name="readEmpParameters"/>
  </wsdl:message>
  <wsdl:message name="readEmpResponseMsg">
    <wsdl:part element="tns:readEmpResponse" name="readEmpResult"/>
  </wsdl:message>
  <wsdl:portType name="EmpServClient">
    <wsdl:operation name="readEmp">
      <wsdl:input message="tns:readEmpRequestMsg" name="readEmpRequest"/>
      <wsdl:output message="tns:readEmpResponseMsg" name="readEmpResponse"/>
    </wsdl:operation>
  </wsdl:portType>
  <wsdl:binding name="EmpServClientHttpBinding" type="tns:EmpServClient">
    <soap:binding style="document" transport="http://schemas.xmlsoap.org/soap/http"/>
    <wsdl:operation name="readEmp">
      <soap:operation soapAction="http://EmpServClient/readEmp"/>
      <wsdl:input name="readEmpRequest">
        <soap:body use="literal"/>
      </wsdl:input>
      <wsdl:output name="readEmpResponse">
        <soap:body use="literal"/>
      </wsdl:output>
    </wsdl:operation>
  </wsdl:binding>
  <wsdl:service name="EmpServClientHttpService">
    <wsdl:port binding="tns:EmpServClientHttpBinding" name="EmpServClientHttpPort">
      <soap:address location="http://localhost:7800/EmpServClient"/>
    </wsdl:port>
  </wsdl:service>
</wsdl:definitions>]]></con:content><con:type>http://schemas.xmlsoap.org/wsdl/</con:type></con:part><con:part><con:url>file:\C:\WTU\EmployeeServiceMessages\sample\iibadmin\SAMPLE_EMPLOYEE.xsd</con:url><con:content><![CDATA[<xsd:schema targetNamespace="http://sample/iibadmin" xmlns:xsd="http://www.w3.org/2001/XMLSchema" xmlns:ibmSchExtn="http://www.ibm.com/schema/extensions" xmlns:sampleiibadmin="http://sample/iibadmin">
  <!--Message definition generated from C:\workspaces\WTU\SAMPLE\SAMPLE.dbm-->
  <!--Complex type for SAMPLE.IIBADMIN.EMPLOYEE-->
  <xsd:import schemaLocation="../../DBResp.xsd"/>
  <xsd:complexType name="EMPLOYEEType">
    <xsd:sequence>
      <xsd:element name="EMPNO">
        <xsd:simpleType>
          <xsd:restriction base="xsd:string">
            <xsd:maxLength value="6"/>
          </xsd:restriction>
        </xsd:simpleType>
      </xsd:element>
      <xsd:element name="FIRSTNME">
        <xsd:simpleType>
          <xsd:restriction base="xsd:string">
            <xsd:maxLength value="12"/>
          </xsd:restriction>
        </xsd:simpleType>
      </xsd:element>
      <xsd:element minOccurs="0" name="MIDINIT" nillable="true">
        <xsd:simpleType>
          <xsd:restriction base="xsd:string">
            <xsd:maxLength value="1"/>
          </xsd:restriction>
        </xsd:simpleType>
      </xsd:element>
      <xsd:element name="LASTNAME">
        <xsd:simpleType>
          <xsd:restriction base="xsd:string">
            <xsd:maxLength value="15"/>
          </xsd:restriction>
        </xsd:simpleType>
      </xsd:element>
      <xsd:element minOccurs="0" name="WORKDEPT" nillable="true">
        <xsd:simpleType>
          <xsd:restriction base="xsd:string">
            <xsd:maxLength value="3"/>
          </xsd:restriction>
        </xsd:simpleType>
      </xsd:element>
      <xsd:element minOccurs="0" name="PHONENO" nillable="true">
        <xsd:simpleType>
          <xsd:restriction base="xsd:string">
            <xsd:maxLength value="4"/>
          </xsd:restriction>
        </xsd:simpleType>
      </xsd:element>
      <xsd:element minOccurs="0" name="HIREDATE" nillable="true" type="xsd:date"/>
      <xsd:element minOccurs="0" name="JOB" nillable="true">
        <xsd:simpleType>
          <xsd:restriction base="xsd:string">
            <xsd:maxLength value="8"/>
          </xsd:restriction>
        </xsd:simpleType>
      </xsd:element>
      <xsd:element name="EDLEVEL" type="xsd:short"/>
      <xsd:element minOccurs="0" name="SEX" nillable="true">
        <xsd:simpleType>
          <xsd:restriction base="xsd:string">
            <xsd:maxLength value="1"/>
          </xsd:restriction>
        </xsd:simpleType>
      </xsd:element>
      <xsd:element minOccurs="0" name="BIRTHDATE" nillable="true" type="xsd:date"/>
      <xsd:element minOccurs="0" name="SALARY" nillable="true" type="xsd:decimal"/>
      <xsd:element minOccurs="0" name="BONUS" nillable="true" type="xsd:decimal"/>
      <xsd:element minOccurs="0" name="COMM" nillable="true" type="xsd:decimal"/>
    </xsd:sequence>
  </xsd:complexType>
  <!--Global element for SAMPLE.IIBADMIN.EMPLOYEE-->
  <xsd:element ibmSchExtn:docRoot="true" name="EMPLOYEE" type="sampleiibadmin:EMPLOYEEType"/>
  <xsd:complexType name="EmployeeResponseType">
    <xsd:sequence>
      <xsd:element ref="DBResp"/>
      <xsd:element ref="sampleiibadmin:EMPLOYEE"/>
    </xsd:sequence>
  </xsd:complexType>
</xsd:schema>]]></con:content><con:type>http://www.w3.org/2001/XMLSchema</con:type></con:part><con:part><con:url>file:\C:\WTU\EmployeeServiceMessages\DBResp.xsd</con:url><con:content><![CDATA[<xsd:schema xmlns:xsd="http://www.w3.org/2001/XMLSchema">
  <xsd:complexType name="DBRespType">
    <xsd:sequence>
      <xsd:element name="UserReturnCode" type="xsd:int"/>
      <xsd:element name="RowsRetrieved" type="xsd:int"/>
      <xsd:element name="RowsAdded" type="xsd:int"/>
      <xsd:element name="RowsUpdated" type="xsd:int"/>
      <xsd:element name="RowsDeleted" type="xsd:int"/>
      <xsd:element name="SQLCode_ErrorCode" type="xsd:int"/>
      <xsd:element name="SQLState_SQLState" type="xsd:string"/>
      <xsd:element name="SQL_Error_Message" type="xsd:string"/>
    </xsd:sequence>
  </xsd:complexType>
  <xsd:element name="DBResp" type="DBRespType"/>
</xsd:schema>]]></con:content><con:type>http://www.w3.org/2001/XMLSchema</con:type></con:part><con:part><con:url>file:\C:\WTU\EmployeeServiceMessages\EmpServClient_InlineSchema1.xsd</con:url><con:content><![CDATA[<xsd:schema targetNamespace="http://EmpServClient" xmlns:xsd="http://www.w3.org/2001/XMLSchema" xmlns:Q1="http://sample/iibadmin" xmlns:tns="http://EmpServClient">
  <xsd:import namespace="http://sample/iibadmin" schemaLocation="sample/iibadmin/SAMPLE_EMPLOYEE.xsd"/>
  <xsd:element ibmSchExtn:docRoot="true" name="readEmp" xmlns:ibmSchExtn="http://www.ibm.com/schema/extensions">
    <xsd:complexType>
      <xsd:sequence>
        <xsd:element ref="Q1:EMPLOYEE"/>
      </xsd:sequence>
    </xsd:complexType>
  </xsd:element>
  <xsd:element ibmSchExtn:docRoot="true" name="readEmpResponse" xmlns:ibmSchExtn="http://www.ibm.com/schema/extensions">
    <xsd:complexType>
      <xsd:sequence>
        <xsd:element name="output1" nillable="true" type="Q1:EmployeeResponseType"/>
      </xsd:sequence>
    </xsd:complexType>
  </xsd:element>
</xsd:schema>]]></con:content><con:type>http://www.w3.org/2001/XMLSchema</con:type></con:part></con:definitionCache><con:endpoints><con:endpoint>http://localhost:7800/EmpServClient</con:endpoint></con:endpoints><con:operation isOneWay="false" action="http://EmpServClient/readEmp" name="readEmp" bindingOperationName="readEmp" type="Request-Response" outputName="readEmpResponse" inputName="readEmpRequest" receivesAttachments="false" sendsAttachments="false" anonymous="optional"><con:settings/><con:call name="Employee 000010" outgoingWss="iibuserC"><con:settings><con:setting id="com.eviware.soapui.impl.wsdl.WsdlRequest@request-headers">&lt;xml-fragment/></con:setting></con:settings><con:encoding>UTF-8</con:encoding><con:endpoint>http://localhost:7800/EmpServClient</con:endpoint><con:request><![CDATA[<soapenv:Envelope xmlns:emp="http://EmpServClient" xmlns:iib="http://sample/iibadmin" xmlns:soapenv="http://schemas.xmlsoap.org/soap/envelope/">
   <soapenv:Header/>
   <soapenv:Body wsu:Id="id-3A828A388AAAB469B214210665476744" xmlns:wsu="http://docs.oasis-open.org/wss/2004/01/oasis-200401-wss-wssecurity-utility-1.0.xsd">
      <emp:readEmp>
         <iib:EMPLOYEE>
            <EMPNO>000010</EMPNO>
            <FIRSTNME>?</FIRSTNME>
            <!--Optional:-->
            <MIDINIT>?</MIDINIT>
            <LASTNAME>?</LASTNAME>
            <!--Optional:-->
            <WORKDEPT>?</WORKDEPT>
            <!--Optional:-->
            <PHONENO>?</PHONENO>
            <!--Optional:-->
            <HIREDATE>?</HIREDATE>
            <!--Optional:-->
            <JOB>?</JOB>
            <EDLEVEL>?</EDLEVEL>
            <!--Optional:-->
            <SEX>?</SEX>
            <!--Optional:-->
            <BIRTHDATE>?</BIRTHDATE>
            <!--Optional:-->
            <SALARY>?</SALARY>
            <!--Optional:-->
            <BONUS>?</BONUS>
            <!--Optional:-->
            <COMM>?</COMM>
         </iib:EMPLOYEE>
      </emp:readEmp>
   </soapenv:Body>
</soapenv:Envelope>]]></con:request><con:credentials><con:selectedAuthProfile>Basic</con:selectedAuthProfile><con:addedBasicAuthenticationTypes>Basic</con:addedBasicAuthenticationTypes><con:authType>Global HTTP Settings</con:authType></con:credentials><con:jmsConfig JMSDeliveryMode="PERSISTENT"/><con:jmsPropertyConfig/><con:wsaConfig mustUnderstand="NONE" version="200508" action="http://EmpServClient/readEmp"/><con:wsrmConfig version="1.2"/></con:call><con:call name="Employee 000011"><con:settings><con:setting id="com.eviware.soapui.impl.wsdl.WsdlRequest@request-headers">&lt;xml-fragment/></con:setting></con:settings><con:encoding>UTF-8</con:encoding><con:endpoint>http://localhost:7800/EmpServClient</con:endpoint><con:request><![CDATA[<soapenv:Envelope xmlns:soapenv="http://schemas.xmlsoap.org/soap/envelope/" xmlns:emp="http://EmpServClient" xmlns:iib="http://sample/iibadmin">
   <soapenv:Header/>
   <soapenv:Body>
      <emp:readEmp>
         <iib:EMPLOYEE>
            <EMPNO>000011</EMPNO>
            <FIRSTNME>?</FIRSTNME>
            <!--Optional:-->
            <MIDINIT>?</MIDINIT>
            <LASTNAME>?</LASTNAME>
            <!--Optional:-->
            <WORKDEPT>?</WORKDEPT>
            <!--Optional:-->
            <PHONENO>?</PHONENO>
            <!--Optional:-->
            <HIREDATE>?</HIREDATE>
            <!--Optional:-->
            <JOB>?</JOB>
            <EDLEVEL>?</EDLEVEL>
            <!--Optional:-->
            <SEX>?</SEX>
            <!--Optional:-->
            <BIRTHDATE>?</BIRTHDATE>
            <!--Optional:-->
            <SALARY>?</SALARY>
            <!--Optional:-->
            <BONUS>?</BONUS>
            <!--Optional:-->
            <COMM>?</COMM>
         </iib:EMPLOYEE>
      </emp:readEmp>
   </soapenv:Body>
</soapenv:Envelope>]]></con:request><con:credentials><con:authType>No Authorization</con:authType></con:credentials><con:jmsConfig JMSDeliveryMode="PERSISTENT"/><con:jmsPropertyConfig/><con:wsaConfig mustUnderstand="NONE" version="200508" action="http://EmpServClient/readEmp"/><con:wsrmConfig version="1.2"/></con:call><con:call name="Request 3" outgoingWss="iibuserC"><con:settings><con:setting id="com.eviware.soapui.impl.wsdl.WsdlRequest@request-headers">&lt;xml-fragment/></con:setting></con:settings><con:encoding>UTF-8</con:encoding><con:endpoint>http://localhost:7080/empServClient_getEmployee</con:endpoint><con:request>{"empNumber":"000010"}</con:request><con:credentials><con:selectedAuthProfile>Basic</con:selectedAuthProfile><con:addedBasicAuthenticationTypes>Basic</con:addedBasicAuthenticationTypes><con:authType>Global HTTP Settings</con:authType></con:credentials><con:jmsConfig JMSDeliveryMode="PERSISTENT"/><con:jmsPropertyConfig/><con:wsaConfig mustUnderstand="NONE" version="200508" action="http://EmpServClient/readEmp"/><con:wsrmConfig version="1.2"/></con:call></con:operation></con:interface><con:properties/><con:wssContainer><con:crypto><con:source>C:/student10/Integration_service_JSONClient_MessageFlowSecurity/keystores/IIB.jks</con:source><con:password>passw0rd</con:password><con:type>KEYSTORE</con:type></con:crypto><con:outgoing><con:name>iibuserC</con:name><con:entry type="Signature" username="iibuserc" password="passw0rd"><con:configuration><crypto>IIB.jks</crypto><keyIdentifierType>3</keyIdentifierType><signatureAlgorithm/><signatureCanonicalization/><useSingleCert>false</useSingleCert><digestAlgorithm/></con:configuration></con:entry></con:outgoing></con:wssContainer><con:oAuth2ProfileContainer/><con:sensitiveInformation/></con:soapui-project>